{
    "fold_0": {
        "train_tracker": {
            "acc": 0.9283468723297119,
            "auroc": 0.9859316349029541,
            "avp": 0.9840121269226074,
            "f1": 0.9237581491470337
        },
        "val_tracker": {
            "acc": 0.8805466294288635,
            "auroc": 0.9475449919700623,
            "avp": 0.9403488636016846,
            "f1": 0.8730341196060181
        }
    },
    "fold_1": {
        "train_tracker": {
            "acc": 0.9292221665382385,
            "auroc": 0.9863297343254089,
            "avp": 0.9843851327896118,
            "f1": 0.9246395230293274
        },
        "val_tracker": {
            "acc": 0.8805466294288635,
            "auroc": 0.9430391788482666,
            "avp": 0.9330446720123291,
            "f1": 0.8727997541427612
        }
    },
    "fold_2": {
        "train_tracker": {
            "acc": 0.9282754063606262,
            "auroc": 0.9857529997825623,
            "avp": 0.9837725162506104,
            "f1": 0.9235933423042297
        },
        "val_tracker": {
            "acc": 0.8795819878578186,
            "auroc": 0.944582998752594,
            "avp": 0.936200737953186,
            "f1": 0.8717942833900452
        }
    },
    "fold_3": {
        "train_tracker": {
            "acc": 0.9299546480178833,
            "auroc": 0.9859739542007446,
            "avp": 0.983980655670166,
            "f1": 0.9253892302513123
        },
        "val_tracker": {
            "acc": 0.8790996670722961,
            "auroc": 0.9434629678726196,
            "avp": 0.9338486194610596,
            "f1": 0.8712916374206543
        }
    },
    "fold_4": {
        "train_tracker": {
            "acc": 0.9291864633560181,
            "auroc": 0.9861862659454346,
            "avp": 0.9842402935028076,
            "f1": 0.9246184229850769
        },
        "val_tracker": {
            "acc": 0.8805466294288635,
            "auroc": 0.9422585368156433,
            "avp": 0.9311745166778564,
            "f1": 0.8721839189529419
        }
    },
    "fold_5": {
        "train_tracker": {
            "acc": 0.9296330809593201,
            "auroc": 0.9861528873443604,
            "avp": 0.9842008352279663,
            "f1": 0.9251099824905396
        },
        "val_tracker": {
            "acc": 0.875080406665802,
            "auroc": 0.9399271011352539,
            "avp": 0.9314571619033813,
            "f1": 0.8672020435333252
        }
    },
    "fold_6": {
        "train_tracker": {
            "acc": 0.9309907555580139,
            "auroc": 0.9865845441818237,
            "avp": 0.9847067594528198,
            "f1": 0.9265080690383911
        },
        "val_tracker": {
            "acc": 0.8752411603927612,
            "auroc": 0.9431166648864746,
            "avp": 0.9322854280471802,
            "f1": 0.8674243092536926
        }
    },
    "fold_7": {
        "train_tracker": {
            "acc": 0.9290792942047119,
            "auroc": 0.9858039617538452,
            "avp": 0.9837536811828613,
            "f1": 0.9244575500488281
        },
        "val_tracker": {
            "acc": 0.8721864819526672,
            "auroc": 0.9405849575996399,
            "avp": 0.9324996471405029,
            "f1": 0.8640347719192505
        }
    },
    "fold_8": {
        "train_tracker": {
            "acc": 0.928026556968689,
            "auroc": 0.985966682434082,
            "avp": 0.9840068221092224,
            "f1": 0.9234496355056763
        },
        "val_tracker": {
            "acc": 0.8784370422363281,
            "auroc": 0.9404380917549133,
            "avp": 0.9326311349868774,
            "f1": 0.870396614074707
        }
    },
    "fold_9": {
        "train_tracker": {
            "acc": 0.9295985698699951,
            "auroc": 0.9862020015716553,
            "avp": 0.9842871427536011,
            "f1": 0.9250545501708984
        },
        "val_tracker": {
            "acc": 0.8782762289047241,
            "auroc": 0.9408100843429565,
            "avp": 0.9319027066230774,
            "f1": 0.8704994916915894
        }
    }
}