{
    "fold_ 0": {
        "train": {
            "acc": 0.6467624306678772,
            "auroc": 0.5783651471138,
            "avp": 0.5608854293823242,
            "f1": 0.4416133761405945
        },
        "val": {
            "acc": 0.6485180258750916,
            "auroc": 0.568026065826416,
            "avp": 0.5495266318321228,
            "f1": 0.4158383309841156
        }
    },
    "fold_ 1": {
        "train": {
            "acc": 0.6467624306678772,
            "auroc": 0.5783651471138,
            "avp": 0.5608854293823242,
            "f1": 0.4416133761405945
        },
        "val": {
            "acc": 0.6485180258750916,
            "auroc": 0.568026065826416,
            "avp": 0.5495266318321228,
            "f1": 0.4158383309841156
        }
    }
}