{
    "fold_ 0": {
        "train": {
            "acc": 0.6633254885673523,
            "auroc": 0.6333003044128418,
            "avp": 0.6113378405570984,
            "f1": 0.5337954759597778
        },
        "val": {
            "acc": 0.6394973993301392,
            "auroc": 0.5345402956008911,
            "avp": 0.5258683562278748,
            "f1": 0.4016544818878174
        }
    },
    "fold_ 1": {
        "train": {
            "acc": 0.6691323518753052,
            "auroc": 0.6465972661972046,
            "avp": 0.625015139579773,
            "f1": 0.5534768104553223
        },
        "val": {
            "acc": 0.6383698582649231,
            "auroc": 0.5962501764297485,
            "avp": 0.5720587968826294,
            "f1": 0.44195854663848877
        }
    },
    "fold_ 2": {
        "train": {
            "acc": 0.6674528121948242,
            "auroc": 0.6461151838302612,
            "avp": 0.6235151886940002,
            "f1": 0.5557771325111389
        },
        "val": {
            "acc": 0.6488401889801025,
            "auroc": 0.5552610754966736,
            "avp": 0.5490163564682007,
            "f1": 0.41319453716278076
        }
    },
    "fold_ 3": {
        "train": {
            "acc": 0.661395788192749,
            "auroc": 0.6390073299407959,
            "avp": 0.6156951189041138,
            "f1": 0.5327043533325195
        },
        "val": {
            "acc": 0.6353092789649963,
            "auroc": 0.5804983973503113,
            "avp": 0.561699628829956,
            "f1": 0.4610508680343628
        }
    },
    "fold_ 4": {
        "train": {
            "acc": 0.6626465320587158,
            "auroc": 0.6173867583274841,
            "avp": 0.6009631752967834,
            "f1": 0.5231273770332336
        },
        "val": {
            "acc": 0.6509342789649963,
            "auroc": 0.5798986554145813,
            "avp": 0.5599573254585266,
            "f1": 0.43111100792884827
        }
    },
    "fold_ 5": {
        "train": {
            "acc": 0.6612528562545776,
            "auroc": 0.6398010849952698,
            "avp": 0.6139400005340576,
            "f1": 0.5331348180770874
        },
        "val": {
            "acc": 0.6380476951599121,
            "auroc": 0.6131318211555481,
            "avp": 0.5820873975753784,
            "f1": 0.4830896258354187
        }
    },
    "fold_ 6": {
        "train": {
            "acc": 0.6715623140335083,
            "auroc": 0.6640737056732178,
            "avp": 0.6388095021247864,
            "f1": 0.5716330409049988
        },
        "val": {
            "acc": 0.6457796096801758,
            "auroc": 0.5464122295379639,
            "avp": 0.5359961986541748,
            "f1": 0.40047702193260193
        }
    },
    "fold_ 7": {
        "train": {
            "acc": 0.6608776450157166,
            "auroc": 0.6149098873138428,
            "avp": 0.5976742506027222,
            "f1": 0.5234166979789734
        },
        "val": {
            "acc": 0.6509342789649963,
            "auroc": 0.5793490409851074,
            "avp": 0.5630354285240173,
            "f1": 0.45389169454574585
        }
    },
    "fold_ 8": {
        "train": {
            "acc": 0.6665058732032776,
            "auroc": 0.6522520184516907,
            "avp": 0.6278234720230103,
            "f1": 0.5535382032394409
        },
        "val": {
            "acc": 0.6425579786300659,
            "auroc": 0.595736563205719,
            "avp": 0.5708094835281372,
            "f1": 0.4576263725757599
        }
    },
    "fold_ 9": {
        "train": {
            "acc": 0.6670776009559631,
            "auroc": 0.6509006023406982,
            "avp": 0.6268000602722168,
            "f1": 0.5535722374916077
        },
        "val": {
            "acc": 0.5897229313850403,
            "auroc": 0.5359424352645874,
            "avp": 0.5262627601623535,
            "f1": 0.4965207874774933
        }
    }
}