{
    "fold_ 0": {
        "train": {
            "acc": 0.6595376133918762,
            "auroc": 0.6170752048492432,
            "avp": 0.5992673635482788,
            "f1": 0.5165606141090393
        },
        "val": {
            "acc": 0.6230670213699341,
            "auroc": 0.528876006603241,
            "avp": 0.5197021961212158,
            "f1": 0.4788154661655426
        }
    },
    "fold_ 1": {
        "train": {
            "acc": 0.6600736379623413,
            "auroc": 0.6146503686904907,
            "avp": 0.5984882116317749,
            "f1": 0.5138459205627441
        },
        "val": {
            "acc": 0.639658510684967,
            "auroc": 0.5508192181587219,
            "avp": 0.5364367961883545,
            "f1": 0.41840678453445435
        }
    },
    "fold_ 2": {
        "train": {
            "acc": 0.6583583354949951,
            "auroc": 0.6137239933013916,
            "avp": 0.5955849289894104,
            "f1": 0.5118850469589233
        },
        "val": {
            "acc": 0.6483569741249084,
            "auroc": 0.5752788186073303,
            "avp": 0.5647740364074707,
            "f1": 0.4250316023826599
        }
    },
    "fold_ 3": {
        "train": {
            "acc": 0.659180223941803,
            "auroc": 0.6125500202178955,
            "avp": 0.5951399803161621,
            "f1": 0.511168360710144
        },
        "val": {
            "acc": 0.6612435579299927,
            "auroc": 0.5378304719924927,
            "avp": 0.548746645450592,
            "f1": 0.5349645614624023
        }
    },
    "fold_ 4": {
        "train": {
            "acc": 0.6600378751754761,
            "auroc": 0.6159387230873108,
            "avp": 0.5984206199645996,
            "f1": 0.510516881942749
        },
        "val": {
            "acc": 0.6164626479148865,
            "auroc": 0.4950324296951294,
            "avp": 0.49538490176200867,
            "f1": 0.4853966236114502
        }
    },
    "fold_ 5": {
        "train": {
            "acc": 0.6610384583473206,
            "auroc": 0.6134560108184814,
            "avp": 0.5978332757949829,
            "f1": 0.5162280201911926
        },
        "val": {
            "acc": 0.6485180258750916,
            "auroc": 0.5116667747497559,
            "avp": 0.5181411504745483,
            "f1": 0.42052361369132996
        }
    },
    "fold_ 6": {
        "train": {
            "acc": 0.6622534394264221,
            "auroc": 0.6163831949234009,
            "avp": 0.6001332998275757,
            "f1": 0.5200724601745605
        },
        "val": {
            "acc": 0.6681700944900513,
            "auroc": 0.600953221321106,
            "avp": 0.5909719467163086,
            "f1": 0.5221160650253296
        }
    },
    "fold_ 7": {
        "train": {
            "acc": 0.6616995334625244,
            "auroc": 0.6160902976989746,
            "avp": 0.5993581414222717,
            "f1": 0.5170502066612244
        },
        "val": {
            "acc": 0.6531894207000732,
            "auroc": 0.5437592267990112,
            "avp": 0.5410624742507935,
            "f1": 0.4452095627784729
        }
    },
    "fold_ 8": {
        "train": {
            "acc": 0.6592159867286682,
            "auroc": 0.6157095432281494,
            "avp": 0.5977128744125366,
            "f1": 0.5119073390960693
        },
        "val": {
            "acc": 0.6528672575950623,
            "auroc": 0.5974944829940796,
            "avp": 0.582982063293457,
            "f1": 0.4640136659145355
        }
    },
    "fold_ 9": {
        "train": {
            "acc": 0.6596984267234802,
            "auroc": 0.6165653467178345,
            "avp": 0.5974888801574707,
            "f1": 0.5076555013656616
        },
        "val": {
            "acc": 0.6462628841400146,
            "auroc": 0.5429657697677612,
            "avp": 0.5400985479354858,
            "f1": 0.42443645000457764
        }
    }
}

auroc = [0.6081, 0.5975, 0.5913, 0.6010, 0.6024, 0.5938, 0.5963, 0.6049, 0.6041, 0.6102]
ap = [0.5889, 0.5830, 0.5775, 0.5910, 0.5824, 0.5825, 0.5761, 0.5921, 0.5815, 0.5895]